--Assignment test

create database SQLServerdb

--1. Customers

create table Customers(
CustID INT PRIMARY KEY,
CustName VARCHAR(100),
Email VARCHAR(200),
City VARCHAR(100)
)

INSERT INTO Customers (CustID, CustName, Email, City) VALUES
(1, 'Amit Sharma', 'amit.sharma@gmail.com', 'Mumbai'),
(2, 'Ravi Kumar', 'ravi.kumar@yahoo.com', 'Delhi'),
(3, 'Priya Singh', 'priya.singh@gmail.com', 'Pune'),
(4, 'John Mathew', 'john.mathew@hotmail.com', 'Bangalore'),
(5, 'Sara Thomas', 'sara.thomas@gmail.com', 'Kochi'),
(6, 'Nidhi Jain', 'nidhi.jain@gmail.com', NULL);

select*from Customers


--2. Products

create table Products(
ProductID INT PRIMARY KEY,
ProductName VARCHAR(100),
Price DECIMAL(10,2),
Stock INT CHECK(Stock >= 0)
)

INSERT INTO Products (ProductID, ProductName, Price, Stock) VALUES
(101, 'Laptop Pro 14', 75000, 15),
(102, 'Laptop Air 13', 55000, 8),
(103, 'Wireless Mouse', 800, 50),
(104, 'Mechanical Keyboard', 3000, 20),
(105, 'USB-C Charger', 1200, 5),
(106, '27-inch Monitor', 18000, 10),
(107, 'Pen Drive 64GB', 600, 80);

select*from Products


--3. Orders

create table Orders(
OrderID INT PRIMARY KEY,
CustID INT FOREIGN KEY REFERENCES Customers(CustID),
OrderDate DATE,
Status VARCHAR(20)
)

INSERT INTO Orders (OrderID, CustID, OrderDate, Status) VALUES
(5001, 1, '2025-01-05', 'Pending'),
(5002, 2, '2025-01-10', 'Completed'),
(5003, 1, '2025-01-20', 'Completed'),
(5004, 3, '2025-02-01', 'Pending'),
(5005, 4, '2025-02-15', 'Completed'),
(5006, 5, '2025-02-18', 'Pending');

select*from Orders


--4. OrderDetails

create table OrderDetails(
DetailID INT PRIMARY KEY,
OrderID INT FOREIGN KEY REFERENCES Orders(OrderID),
ProductID INT FOREIGN KEY REFERENCES Products(ProductID),
Qty INT CHECK(Qty > 0)
)

INSERT INTO OrderDetails (DetailID, OrderID, ProductID, Qty) VALUES
(9001, 5001, 101, 1),
(9002, 5001, 103, 2),
 
(9003, 5002, 104, 1),
(9004, 5002, 103, 1),
 
(9005, 5003, 102, 1),
(9006, 5003, 105, 1),
(9007, 5003, 103, 3),
 
(9008, 5004, 106, 1),
 
(9009, 5005, 107, 4),
(9010, 5005, 104, 1),
 
(9011, 5006, 101, 1),
(9012, 5006, 107, 2);

select*from OrderDetails

--5. Payments

create table Payments(
PaymentID INT PRIMARY KEY,
OrderID INT FOREIGN KEY REFERENCES Orders(OrderID),
Amount DECIMAL(10,2),
PaymentDate DATE
)

INSERT INTO Payments (PaymentID, OrderID, Amount, PaymentDate) VALUES
(7001, 5002, 3300, '2025-01-11'),
(7002, 5003, 62000, '2025-01-22'),
(7003, 5005, 4500, '2025-02-16');

select*from Payments


--SQL Queries

--Q1. List customers who placed an order in the last 30 days

select distinct c.custid, c.custname from customers c
join orders o on c.custid = o.custid
where o.orderdate >= dateadd(day, -30, getdate())

--Q2. Display top 3 products that generated the highest total sales amount.
--(Use aggregate + joins)

select top 3 p.productid, p.productname,sum(od.qty*p.price) as totalsales from orderdetails od
join products p on od.productid = p.productid group by p.productid, p.productname
order by totalsales desc

--Q3. For each city, show number of customers and total order count

select c.city, count(distinct c.custid) as totalcustomers,count(o.orderid) as totalorders from customers c
left join orders o on c.custid = o.custid
group by c.city

--Q4. Retrieve orders that contain more than 2 different products

select orderid from orderdetails group by orderid having count(distinct productid) > 2

--Q5. Show orders where total payable amount is greater than 10,000.
--(Hint: SUM(Qty * Price))

select od.orderid,sum(od.qty*p.price) as totalamount from orderdetails od join products p on od.productid = p.productid
group by od.orderid having sum(od.qty*p.price) > 10000

--Q6. List customers who ordered the same product more than once

select c.custid, c.custname, od.productid from customers c join orders o on c.custid = o.custid
join orderdetails od on o.orderid = od.orderid group by c.custid, c.custname, od.productid
having count(*) > 1

--Q7. Display employee-wise order processing details
--(Assume Orders table has EmployeeID column)

create table employees (
    employeeid int primary key,
    empname varchar(100))

select*from employees

alter table orders
add employeeid int

insert into employees values
(1, 'Pooja'),
(2, 'Preeti'),
(3, 'Rohit')

select e.employeeid, e.empname,count(o.orderid) as totalorders from employees e left join orders o on e.employeeid = o.employeeid
group by e.employeeid, e.empname
 



--Views

--1. Create a view vw_LowStockProducts
--Show only products with stock < 5. View should be WITH SCHEMABINDING and Encrypted

create view vv_lowstockproducts with schemabinding, encryption 
as
select productid, productname, price, stock from dbo.products where stock < 5

select*from vv_lowstockproducts



--Functions

--1. Create a table-valued function: fn_GetCustomerOrderHistory(@CustID)
--Return: OrderID, OrderDate, TotalAmount

create function fn_getcustomerorderhistory(@custid int)
returns table
as
return
(select o.orderid, o.orderdate,sum(od.qty*p.price) as totalamount from orders o 
join orderdetails od on o.orderid = od.orderid join products p on od.productid = p.productid
where o.custid = @custid group by o.orderid, o.orderdate)

select*from fn_getcustomerorderhistory(2)


--2. Create a function fn_GetCustomerLevel(@CustID)
--Logic:
--• Total purchase > 1,00,000 → "Platinum"
--• 50,000–1,00,000 → "Gold"
--• Else → "Silver"

create function fn_getcustomerlevel(@custid int)
returns varchar(20)
as
begin
declare @total decimal(10,2)
select @total = sum(od.qty*p.price) from orders o join orderdetails od on o.orderid = od.orderid
join products p on od.productid = p.productid where o.custid = @custid
if (@total > 100000) 
return 'platinum'
if (@total between 50000 and 100000) 
return 'gold'
return 'silver'
end

select dbo.fn_getcustomerlevel(2)


--Procedures

--1. Create a stored procedure to update product price
--Rules:
--• Old price must be logged in a PriceHistory table
--• New price must be > 0
--• If invalid, throw custom error.

create table pricehistory (
historyid int identity(1,1) primary key,
productid int,
oldprice decimal(10,2),
changedate datetime default getdate())

create procedure sp_updateproductprice(@productid int, @newprice decimal(10,2))
as
begin
if (@newprice <= 0)
throw 50001, 'invalid price', 1
insert into pricehistory(productid, oldprice, changedate) 
select productid, price, getdate() from products where productid = @productid
update products set price = @newprice where productid = @productid
end

exec sp_updateproductprice 104,200

select*from pricehistory
select*from Products

--2. Create a procedure sp_SearchOrders
--Search orders by:
--• Customer Name
--• City
--• Product Name
--• Date range (Any parameter can be NULL → Dynamic WHERE)

create procedure sp_searchorders
@custname varchar(100) = null,
@city varchar(100) = null,
@productname varchar(100) = null,
@fromdate date = null,
@todate date = null
as
begin
select distinct o.orderid, o.orderdate, c.custname, c.city from orders o
join customers c on o.custid = c.custid join orderdetails od on o.orderid = od.orderid
join products p on od.productid = p.productid where (@custname is null or c.custname like '%' + @custname + '%')
and (@city is null or c.city = @city) and (@productname is null or p.productname like '%' + @productname + '%')
and (@fromdate is null or o.orderdate >= @fromdate) and (@todate is null or o.orderdate <= @todate)
end

exec sp_searchorders @custname='Amit Sharma'


--Triggers

--1. Create a trigger on Products

create trigger trigprod on products
instead of delete
as
begin
if exists (select 1 from orderdetails od join deleted d on od.productid = d.productid)
throw 50002, 'product cant be deleted because used in orders', 1
delete from products
where productid in (select productid from deleted)
end

delete from products where ProductID=105


--2. Create an AFTER UPDATE trigger on Payments
--Log old and new payment values into a PaymentAudit table

create table paymentaudit (
    auditid int identity(1,1) primary key,
    paymentid int,
    oldamount decimal(10,2),
    newamount decimal(10,2),
    auditdate datetime default getdate()
)

select*from paymentaudit

create trigger trgpaymentsaudit
on payments
after update
as
begin
insert into paymentaudit(paymentid, oldamount, newamount, auditdate)
select d.paymentid, d.amount, i.amount, getdate() from deleted d
join inserted i on d.paymentid = i.paymentid;
end

update payments set amount=1500 where paymentid=7002
select*from paymentaudit


--3. Create an INSTEAD OF DELETE trigger on Customers
--Logic:
--• If customer has orders → mark status as “Inactive” instead of deleting
--• If no orders → allow deletion

alter table customers 
add status varchar(20) default 'active'

create trigger trgcustdelete on customers
instead of delete
as
begin
if exists(select 1 from orders o join deleted d on o.custid = d.custid)
begin
update customers
set status = 'inactive' where custid in (select custid from deleted)
end
else
begin
delete from customers where custid in (select custid from deleted)
end
end

select * from Customers where CustID = 1

delete from Customers where CustID = 1


